t,min,max,solver
0.5,0.0735036,0.128379,interIsoFoam
1.0,0.0734628,0.12789,interIsoFoam
1.5,0.0734177,0.127548,interIsoFoam
2.0,0.073334,0.127326,interIsoFoam
2.5,0.0732018,0.127171,interIsoFoam
3.0,0.0730321,0.127008,interIsoFoam
3.5,0.0728247,0.126875,interIsoFoam
4.0,0.0726897,0.126756,interIsoFoam
4.5,0.0725722,0.1266,interIsoFoam
5.0,0.0724717,0.126425,interIsoFoam
5.5,0.0723738,0.12626,interIsoFoam
6.0,0.0722719,0.12611,interIsoFoam
6.5,0.0721669,0.125963,interIsoFoam
